"Model","Formula","Coefficients","R_squared","BIC","RMSE_Train","RMSE_K_Fold"
"Model 1","ln_price ~ room_type",4,0.0436848045640575,28244.2839653055,0.668547496299819,0.668656562270027
"Model 2","ln_price ~ neighbourhood_group",4,0.107551093302952,27285.1293656971,0.645837739421484,0.646028029755285
"Model 3","ln_price ~ minimum_nights",8,0.0868159888842893,27642.0102141384,0.65329733692295,0.653555109914927
"Model 4","ln_price ~ room_type + neighbourhood_group",7,0.13601155370156,26863.9915883206,0.635456323659462,0.635565392624769
"Model 5","ln_price ~ room_type + minimum_nights",11,0.120733877745404,27145.3825271905,0.641050005985964,0.641413639006506
"Model 6","ln_price ~ neighbourhood_group + minimum_nights",11,0.164266443969558,26440.7395772773,0.624979336293284,0.625503801941393
"Model 7","ln_price ~ neighbourhood_group + minimum_nights + room_type",14,0.188571408686961,26059.7952260272,0.61582439887964,0.616500308619527
"LASSO","ln_price ~.",11,0.167744592860693,NA,NA,0.634308248614526
