"Model","ME","RMSE","MAE","MPE","MAPE"
"Model_K 1",0.00699765905020331,0.661579642618279,0.50678823414649,-1.2557191479437,9.22951904407082
"Model_K 2",0.0033054540858949,0.642028351864558,0.486614605232065,-1.22935563159331,8.81840856627084
"Model_K 3",0.000545531040476067,0.647412574353675,0.499277630197041,-1.32155251386457,9.11502455813106
"Model_K 4",0.0046092440005738,0.634410317325602,0.482368725242664,-1.15715039020771,8.71410732467833
"Model_K 5",0.00176424496845791,0.638756426644994,0.493524825699185,-1.24190108952668,8.98282942021297
"Model_K 6",-0.000968759640143683,0.623832995596701,0.475240060174249,-1.22592184503802,8.61244827366955
"Model_K 7",0.000193040602159507,0.617492734690211,0.471918491323105,-1.16306801013123,8.53077786018892
